https://www.cpp.edu,88,
https://www.cpp.edu/privacy.shtml,18,
https://www.cpp.edu/safety/safer-return/index.shtml,52,
https://www.cpp.edu/safety/coronavirus/,41,
https://www.cpp.edu/index.shtml,88,
https://www.cpp.edu/index.shtml#main,88,
https://www.cpp.edu/prospective-student-gateway/index.shtml,151,
https://www.cpp.edu/prospective-student-gateway/index.shtml#main,151,
https://www.cpp.edu/student-gateway/index.shtml,157,
https://www.cpp.edu/student-gateway/index.shtml#main,157,
https://www.cpp.edu/faculty-staff-gateway/index.shtml,126,
https://www.cpp.edu/faculty-staff-gateway/index.shtml#main,126,
https://www.cpp.edu/family/index.shtml,38,
https://www.cpp.edu/family/index.shtml#main,38,
https://www.cpp.edu/family/index.shtml#CPPCarousel,38,
http://www.cpp.edu/family,38,
https://www.cpp.edu/family/#main,38,
https://www.cpp.edu/family/#CPPCarousel,38,
https://www.cpp.edu/family/volunteer.shtml,12,
https://www.cpp.edu/family/volunteer.shtml#main,12,
https://www.cpp.edu/~aboutcpp/index.shtml,62,
https://www.cpp.edu/aboutcpp/index.shtml#main,62,
https://www.cpp.edu/aboutcpp,62,
https://www.cpp.edu/aboutcpp/#main,62,
https://www.cpp.edu/~aboutcpp/calpolypomona-overview/presidents-message.shtml,40,
https://www.cpp.edu/aboutcpp/calpolypomona-overview/presidents-message.shtml#main,40,
https://www.cpp.edu/aboutcpp/index.shtml,62,
https://www.cpp.edu/~aboutcpp/calpolypomona-overview/mission-and-values.shtml,41,
https://www.cpp.edu/aboutcpp/calpolypomona-overview/mission-and-values.shtml#main,41,
https://www.cpp.edu/aboutcpp/calpolypomona-overview/mission-and-values.shtml#item-1,41,
https://www.cpp.edu/~aboutcpp/why-cpp/index.shtml#poly,45,
https://www.cpp.edu/aboutcpp/why-cpp/index.shtml#main,45,
https://www.cpp.edu/aboutcpp/why-cpp/index.shtml#item-1,45,
https://www.cpp.edu/~aboutcpp/why-cpp/index.shtml#learn,45,
https://www.cpp.edu/aboutcpp/why-cpp/diverse.shtml,41,
https://www.cpp.edu/aboutcpp/why-cpp/diverse.shtml#main,41,
https://www.cpp.edu/aboutcpp/why-cpp/diverse.shtml#item-1,41,
https://www.cpp.edu/aboutcpp/why-cpp/affordable-and-accessible.shtml,45,
https://www.cpp.edu/aboutcpp/why-cpp/affordable-and-accessible.shtml#main,45,
https://www.cpp.edu/aboutcpp/why-cpp/affordable-and-accessible.shtml#item-1,45,
https://www.cpp.edu/aboutcpp/why-cpp/quality-learning-experiences.shtml,47,
https://www.cpp.edu/aboutcpp/why-cpp/quality-learning-experiences.shtml#main,47,
https://www.cpp.edu/aboutcpp/why-cpp/quality-learning-experiences.shtml#item-1,47,
https://www.cpp.edu/aboutcpp/why-cpp/well-ranked.shtml,67,
https://www.cpp.edu/aboutcpp/why-cpp/well-ranked.shtml#main,67,
https://www.cpp.edu/aboutcpp/why-cpp/well-ranked.shtml#item-1,67,
https://www.cpp.edu/aboutcpp/why-cpp/well-ranked.shtml#item-2,67,
https://www.cpp.edu/aboutcpp/calpolypomona-overview/presidents-message.shtml,40,
https://www.cpp.edu/aboutcpp/calpolypomona-overview/presidents-message.shtml#item-1,40,
https://www.cpp.edu/aboutcpp/calpolypomona-overview/presidents-message.shtml#item-2,40,
https://www.cpp.edu/aboutcpp/calpolypomona-overview/mission-and-values.shtml,41,
https://www.cpp.edu/aboutcpp/calpolypomona-overview/mission-and-values.shtml#item-2,41,
https://www.cpp.edu/aboutcpp/calpolypomona-overview/campus-community.shtml,45,
https://www.cpp.edu/aboutcpp/calpolypomona-overview/campus-community.shtml#main,45,
https://www.cpp.edu/aboutcpp/calpolypomona-overview/campus-community.shtml#item-1,45,
https://www.cpp.edu/aboutcpp/calpolypomona-overview/campus-community.shtml#item-2,45,
https://www.cpp.edu/aboutcpp/calpolypomona-overview/facts-and-figures.shtml,43,
https://www.cpp.edu/aboutcpp/calpolypomona-overview/facts-and-figures.shtml#main,43,
https://www.cpp.edu/aboutcpp/calpolypomona-overview/facts-and-figures.shtml#item-1,43,
https://www.cpp.edu/aboutcpp/calpolypomona-overview/facts-and-figures.shtml#item-2,43,
https://www.cpp.edu/aboutcpp/calpolypomona-overview/public-good.shtml,67,
https://www.cpp.edu/aboutcpp/calpolypomona-overview/public-good.shtml#main,67,
https://www.cpp.edu/aboutcpp/calpolypomona-overview/public-good.shtml#item-1,67,
https://www.cpp.edu/aboutcpp/calpolypomona-overview/public-good.shtml#item-2,67,
https://www.cpp.edu/aboutcpp/calpolypomona-overview/public-good.shtml#item-3,67,
https://www.cpp.edu/aboutcpp/heritage/index.shtml,40,
https://www.cpp.edu/aboutcpp/heritage/index.shtml#main,40,
https://www.cpp.edu/aboutcpp/heritage/index.shtml#item-1,40,
https://www.cpp.edu/aboutcpp/heritage/index.shtml#item-2,40,
https://www.cpp.edu/aboutcpp/heritage/index.shtml#item-3,40,
https://www.cpp.edu/aboutcpp/heritage/kellogg-connection.shtml,42,
https://www.cpp.edu/aboutcpp/heritage/kellogg-connection.shtml#main,42,
https://www.cpp.edu/aboutcpp/heritage/kellogg-connection.shtml#item-1,42,
https://www.cpp.edu/aboutcpp/heritage/kellogg-connection.shtml#item-2,42,
https://www.cpp.edu/aboutcpp/heritage/kellogg-connection.shtml#item-3,42,
https://www.cpp.edu/aboutcpp/heritage/history-archives.shtml,42,
https://www.cpp.edu/aboutcpp/heritage/history-archives.shtml#main,42,
https://www.cpp.edu/aboutcpp/heritage/history-archives.shtml#item-1,42,
https://www.cpp.edu/aboutcpp/heritage/history-archives.shtml#item-2,42,
https://www.cpp.edu/aboutcpp/heritage/history-archives.shtml#item-3,42,
https://www.cpp.edu/aboutcpp/heritage/kellogg-house-pomona.shtml,44,
https://www.cpp.edu/aboutcpp/heritage/kellogg-house-pomona.shtml#main,44,
https://www.cpp.edu/aboutcpp/heritage/kellogg-house-pomona.shtml#item-1,44,
https://www.cpp.edu/aboutcpp/heritage/kellogg-house-pomona.shtml#item-2,44,
https://www.cpp.edu/aboutcpp/heritage/kellogg-house-pomona.shtml#item-3,44,
https://www.cpp.edu/aboutcpp/heritage/kellogg-house-pomona.shtml#item-4,44,
https://www.cpp.edu/aboutcpp/visitor-information/directions.shtml,48,
https://www.cpp.edu/aboutcpp/visitor-information/directions.shtml#main,48,
https://www.cpp.edu/aboutcpp/visitor-information/directions.shtml#item-1,48,
https://www.cpp.edu/aboutcpp/visitor-information/directions.shtml#item-2,48,
https://www.cpp.edu/aboutcpp/visitor-information/directions.shtml#item-3,48,
https://www.cpp.edu/aboutcpp/visitor-information/directions.shtml#item-4,48,
https://www.cpp.edu/aboutcpp/visitor-information/parking.shtml,44,
https://www.cpp.edu/aboutcpp/visitor-information/parking.shtml#main,44,
https://www.cpp.edu/aboutcpp/visitor-information/parking.shtml#item-1,44,
https://www.cpp.edu/aboutcpp/visitor-information/parking.shtml#item-2,44,
https://www.cpp.edu/aboutcpp/visitor-information/parking.shtml#item-3,44,
https://www.cpp.edu/aboutcpp/visitor-information/parking.shtml#item-4,44,
https://www.cpp.edu/aboutcpp/visitor-information/getting-around.shtml,44,
https://www.cpp.edu/aboutcpp/visitor-information/getting-around.shtml#main,44,
https://www.cpp.edu/aboutcpp/visitor-information/getting-around.shtml#item-1,44,
https://www.cpp.edu/aboutcpp/visitor-information/getting-around.shtml#item-2,44,
https://www.cpp.edu/aboutcpp/visitor-information/getting-around.shtml#item-3,44,
https://www.cpp.edu/aboutcpp/visitor-information/getting-around.shtml#item-4,44,
https://www.cpp.edu/aboutcpp/visitor-information/dining.shtml,48,
https://www.cpp.edu/aboutcpp/visitor-information/dining.shtml#main,48,
https://www.cpp.edu/aboutcpp/visitor-information/dining.shtml#item-1,48,
https://www.cpp.edu/aboutcpp/visitor-information/dining.shtml#item-2,48,
https://www.cpp.edu/aboutcpp/visitor-information/dining.shtml#item-3,48,
https://www.cpp.edu/aboutcpp/visitor-information/dining.shtml#item-4,48,
https://www.cpp.edu/aboutcpp/visitor-information/shopping.shtml,52,
https://www.cpp.edu/aboutcpp/visitor-information/shopping.shtml#main,52,
https://www.cpp.edu/aboutcpp/visitor-information/shopping.shtml#CPPCarousel,52,
https://www.cpp.edu/aboutcpp/visitor-information/shopping.shtml#item-1,52,
https://www.cpp.edu/aboutcpp/visitor-information/shopping.shtml#item-2,52,
https://www.cpp.edu/aboutcpp/visitor-information/shopping.shtml#item-3,52,
https://www.cpp.edu/aboutcpp/visitor-information/shopping.shtml#item-4,52,
https://www.cpp.edu/aboutcpp/visitor-information/lodging.shtml,43,
https://www.cpp.edu/aboutcpp/visitor-information/lodging.shtml#main,43,
https://www.cpp.edu/aboutcpp/visitor-information/lodging.shtml#item-1,43,
https://www.cpp.edu/aboutcpp/visitor-information/lodging.shtml#item-2,43,
https://www.cpp.edu/aboutcpp/visitor-information/lodging.shtml#item-3,43,
https://www.cpp.edu/aboutcpp/visitor-information/lodging.shtml#item-4,43,
https://www.cpp.edu/aboutcpp/visitor-information/attractions.shtml,95,
https://www.cpp.edu/aboutcpp/visitor-information/attractions.shtml#main,95,
https://www.cpp.edu/aboutcpp/visitor-information/attractions.shtml#item-1,95,
https://www.cpp.edu/aboutcpp/visitor-information/attractions.shtml#item-2,95,
https://www.cpp.edu/aboutcpp/visitor-information/attractions.shtml#item-3,95,
https://www.cpp.edu/aboutcpp/visitor-information/attractions.shtml#item-4,95,
https://www.cpp.edu/aboutcpp/administration.shtml,61,
